{
  "round": [
    1,
    2,
    3,
    4,
    5,
    6,
    7,
    8,
    9,
    10
  ],
  "accuracy": [
    1.0,
    1.0,
    1.0,
    1.0,
    1.0,
    1.0,
    1.0,
    1.0,
    1.0,
    1.0
  ],
  "loss": [
    0.03459656571348508,
    0.0006555062090046704,
    8.112526362917075e-06,
    1.1364617752936586e-07,
    0.0,
    0.0,
    0.0,
    0.0,
    0.0,
    0.0
  ],
  "precision": [
    1.0,
    1.0,
    1.0,
    1.0,
    1.0,
    1.0,
    1.0,
    1.0,
    1.0,
    1.0
  ],
  "recall": [
    1.0,
    1.0,
    1.0,
    1.0,
    1.0,
    1.0,
    1.0,
    1.0,
    1.0,
    1.0
  ],
  "f1_score": [
    1.0,
    1.0,
    1.0,
    1.0,
    1.0,
    1.0,
    1.0,
    1.0,
    1.0,
    1.0
  ],
  "clients_used": [
    3,
    3,
    3,
    3,
    3,
    3,
    3,
    3,
    3,
    3
  ]
}